text,pos,definition
activation,noun,Making active and effective; bringing into a state of activity.
activation,noun,The process of making a radioisotope by bombarding a stable element with neutrons or protons.
activation,noun,(biochemistry) The process through which molecules are made able to react.
activist,noun,"One who is politically active in the role of a citizen; especially, one who campaigns for change."
activist,noun,One who is conspicuously active in carrying out any occupational or professional functions.
activist,adjective,Behaving as an activist.
ad,noun,Advertisement.
ad,noun,Advantage
ad,noun,(debating) advantage
ad,preposition,"To, toward"
aide,noun,An assistant.
aide,noun,An officer who acts as assistant to a more senior one; an aide-de-camp.
aids,noun,"Help; assistance; succor, relief."
aids,noun,A helper; an assistant.
aids,noun,Something which helps; a material source of help.
aids,noun,"An historical subsidy granted to the crown by Parliament for an extraordinary purpose, such as a war effort."
aids,noun,An exchequer loan.
aids,noun,A pecuniary tribute paid by a vassal to his feudal lord on special occasions.
aids,noun,"An aide-de-camp, so called by abbreviation."
aids,verb,To provide support to; to further the progress of; to help; to assist.
aids,verb,To climb with the use of aids such as pitons.
aircraft,noun,"A vehicle capable of atmospheric flight due to interaction with the air, such as buoyancy or lift"
airline,noun,A company that flies airplanes to transport people and goods.
airport,noun,"An airfield (an area designated for the takeoff and landing of aircraft), including one or more runways and (for commercial airports) one or more passenger terminals."
allegedly,adverb,According to someone's allegation.
allegedly,adverb,According to someone's conspicuous impressions (which could be alleged ensuingly).
app,noun,"An application (program), especially a small one designed for a mobile device."
app,noun,"Application (use, purpose; not a computer program)"
app,noun,Application (to a college etc.)
app,noun,Appetizer
app,noun,"An appearance in a game (e.g., a player with 10 apps in a season played 10 times)"
arguably,adverb,"As can be supported or proven by sound logical deduction, evidence, and precedent."
artwork,noun,"A painting, drawing, sculpture or other piece of creative, visual art"
artwork,noun,Artistic work.
artwork,noun,(reprographics) The graphical elements to be included in a reproduced work.
audio,noun,"A sound, or a sound signal"
audio,adjective,"Focused on audible sound, as opposed to sight."
auto,noun,An automobile.
auto,noun,A setting for automatic operation.
auto,noun,An automatic gearbox / transmission.
auto,noun,A car with an automatic gearbox / transmission.
auto,verb,To travel by automobile.
auto,adjective,Capable of operating without external control or intervention.
auto,adjective,Done out of habit or without conscious thought.
auto,adjective,"Necessary, inevitable, prescribed by logic, law, etc."
auto,adjective,(of a firearm such as a machine gun) Firing continuously as long as the trigger is pressed until ammunition is exhausted.
auto,adjective,"(of a handgun) An autoloader; a semi-automatic or self-loading pistol, as opposed to a revolver or other manually actuated handgun, which fires one shot per pull of the trigger; distinct from machine guns."
auto,adjective,(of a local variable) Automatically added to and removed from the stack during the course of function calls.
auto,adjective,(of a group) Having one or more finite-state automata
auto,noun,An autorickshaw.
awareness,noun,The state or level of consciousness where sense data can be confirmed by an observer.
awareness,noun,The state or quality of being aware of something
backdrop,noun,A decorated cloth hung at the back of a stage.
backdrop,noun,An image that serves as a visual background.
backdrop,noun,The setting or background of an acted performance.
backdrop,noun,Any background situation.
backdrop,verb,To serve as a backdrop for.
backup,noun,A reserve or substitute.
backup,noun,"A copy of a file or record, stored separately from the original, that can be used to recover the original if it is destroyed or damaged."
backup,noun,"An accumulation of material caused by a (partial) obstruction or (complete) blockage of the flow or movement of the material, or an accumulation of material that causes an overflow due to the flow being greater than the maximum possible flow."
backup,noun,(law enforcement) reinforcements
backup,adjective,"Standby, reserve or extra."
backup,adjective,That is intended as a backup.
backup,adjective,"Supporting, reinforcing; of or related to accompaniment"
basically,adverb,"In a fundamental, essential or basic manner"
basically,adverb,Mostly; generally; for the most part
basically,adverb,(filler) used to refer to the most important or fundamental point the speaker is making; sometimes tending towards a meaningless filler word
basketball,noun,A sport in which two opposing teams of five players strive to put a ball through a hoop.
basketball,noun,The particular kind of ball used in the sport of basketball.
bathroom,noun,"A room containing a shower and/or bathtub, and (typically but not necessarily) a toilet."
bathroom,noun,A lavatory: a room containing a toilet and (typically but not necessarily) a bathtub.
battlefield,noun,"The area where a land battle is or was fought, which is not necessarily a field."
behaviour,noun,The way a living creature behaves or acts.
behaviour,noun,The way a device or system operates.
benchmark,noun,A standard by which something is evaluated or measured.
benchmark,noun,A surveyor's mark made on some stationary object and shown on a map; used as a reference point.
benchmark,noun,A computer program that is executed to assess the performance of the runtime environment.
benchmark,verb,To measure the performance or quality of (an item) relative to another similar item in an impartial scientific manner.
blog,noun,"A website that allows users to reflect, share opinions, and discuss various topics in the form of an online journal, sometimes letting readers comment on their posts. Most blogs are written in a slightly informal tone (personal journals, news, businesses, etc.)"
blog,noun,An individual post to a blog.
blog,verb,To contribute to a blog.
blog,verb,"To blag, to steal something; to acquire something illegally."
blog,noun,(originally nonce word) A cocktail or punch served at science fiction conventions. Ingredients vary for different conventions.
blog,verb,To look sullen or sulky
bloke,noun,"A man, a fellow; an ordinary man, a man on the street."
bloke,noun,A man who behaves in a particularly laddish or overtly heterosexual manner.
bloke,noun,"(A lower deck term for) the Captain or Executive Officer of a warship, with particular reference to discipline and punishment."
bloke,noun,"An exemplar of a certain masculine, independent male archetype."
bloke,noun,An anglophone man.
bombing,verb,To attack using one or more bombs; to bombard.
bombing,verb,To fail dismally.
bombing,verb,"To jump into water in a squatting position, with the arms wrapped around the legs."
bombing,verb,To sound; to boom; to make a humming or buzzing sound.
bombing,verb,To cover an area in many graffiti tags.
bombing,verb,To add an excessive amount of chlorine to a pool when it has not been maintained properly.
bombing,verb,To make oneself drunk.
bombing,verb,"(especially with along, down, up etc.) To move at high speed."
bombing,noun,The action of dropping bombs from the air.
bombing,noun,The action of placing and detonating bombs.
boyfriend,noun,A male partner in an unmarried romantic relationship.
boyfriend,noun,A male friend.
breakthrough,noun,An advance through and past enemy lines.
breakthrough,noun,Any major progress; such as a great innovation or discovery that overcomes a significant obstacle.
breakthrough,noun,The penetration of the opposition defence
breakthrough,noun,The penetration of a separating wall or the remaining distance to an adjacent hollow (a crosscut in mining) or between two parts of a tunnel build from both ends; knockthrough.
breakthrough,adjective,Characterized by major progress or overcoming some obstacle.
broadband,noun,A wide band of electromagnetic frequencies
broadband,noun,An internet connection provisioned over an existing service using alternate signal frequencies such as ADSL or cable modem.
broadband,adjective,"Of, pertaining to, or carrying a wide band of electromagnetic frequencies"
broadcaster,noun,An organisation that engages in the activity of broadcasting.
broadcaster,noun,A person whose job it is to broadcast.
buddy,noun,A friend or casual acquaintance.
buddy,noun,A partner for a particular activity.
buddy,noun,An informal and friendly address to a stranger; a friendly (or occasionally antagonistic) placeholder name for a person one does not know.
buddy,verb,"To assign a buddy, or partner, to."
buddy,adjective,Resembling a bud.
businessman,noun,"A man in business, one who works at a commercial institution."
capitalism,noun,A socio-economic system based on private ownership of resources or capital.
capitalism,noun,An economic system based on private ownership of the means of production and their operation for profit.
capitalism,noun,"(economic liberalism) A socio-economic system based on private property rights, including the private ownership of resources or capital, with economic decisions made largely through the operation of a market unregulated by the state."
capitalism,noun,"(economic liberalism) An economic system based on the abstraction of resources into the form of privately owned capital, with economic decisions made largely through the operation of a market unregulated by the state."
cd,noun,"A small disc on which sound or information is recorded. CDs can be played or read on various types of machines, including CD players and computers. (the abbreviation for ‘compact disc’)."
cellphone,noun,"A portable, wireless telephone, which changes antenna connections seamlessly during travel from one radio reception cell to another without losing the party-to-party call connection."
cellphone,verb,To make a call on a cellphone.
cinema,noun,"A movie theatre, a movie house"
cinema,noun,Films collectively.
cinema,noun,The film and movie industry.
cinema,noun,The art of making films and movies; cinematography
classroom,noun,"A room, often in a school, where classes take place"
collaborate,verb,To work together with others to achieve a common goal.
collaborate,verb,"To voluntarily cooperate treasonably, as with an enemy occupation force in one's country."
coloured,verb,To give something color.
coloured,verb,To apply colors to the areas within the boundaries of a line drawing using colored markers or crayons.
coloured,verb,(of a person or their face) To become red through increased blood flow.
coloured,verb,To affect without completely changing.
coloured,verb,To attribute a quality to; to portray (as).
coloured,verb,To assign colors to the vertices of a graph (or the regions of a map) so that no two vertices connected by an edge (regions sharing a border) have the same color.
coloured,noun,A colored person.
coloured,noun,(laundry) A colored article of clothing.
coloured,adjective,Having a color.
coloured,adjective,Having a particular color or kind of color.
coloured,adjective,Having prominent colors; colorful.
coloured,adjective,Influenced pervasively but subtly.
coloured,adjective,"Of skin color other than white; in particular, black."
coloured,adjective,Of neither black nor white skin color.
coloured,adjective,Designated for use by colored people (in either the US or South African sense).
colourful,adjective,Possessing prominent and varied colors.
colourful,adjective,"Interesting, multifaceted, energetic, distinctive."
colourful,adjective,"Profane, obscene, offensive (usually in the phrase colourful language)."
columnist,noun,"A regular writer of a column, such as in a magazine or newspaper"
consultant,noun,A person or party that is consulted
consultant,noun,"A person whose occupation is to be consulted for their expertise, advice, or help in an area or specialty; a party whose business is to be similarly consulted"
contributor,noun,A benefactor; someone who donates to charity or some cause.
contributor,noun,"A person who backs, supports or champions a cause, activity or institution."
contributor,noun,A person (or thing) instrumental in the creation or growth of something.
contributor,noun,"A person who produces articles published in a newspaper, magazine, online publication, etc."
cooker,noun,"A device for heating food, a stove."
cooker,noun,(except in compounds) An appliance or utensil for cooking food.
cooker,noun,A cooking apple.
coordinator,noun,One who coordinates.
coordinator,noun,"An assistant coach responsible for a particular facet of the game, such as defense."
coordinator,noun,"(grammar) A member of a lexical class of words that joins words, phrases, and clauses at the same syntactic level."
councillor,noun,A member of a council.
councillor,noun,"In particular, a representative elected to a local authority, such as a city council: a city councillor"
counsellor,noun,"A professional who counsels people, especially on personal problems."
counsellor,noun,"A school counselor, often in a specialty such as careers, education, or health."
counsellor,noun,An attorney.
counsellor,noun,"A high ranking diplomat, usually just below an ambassador or minister."
counsellor,noun,"A children’s supervisor, usually at camp."
coverage,noun,An amount by which something or someone is covered.
coverage,noun,The amount of space or time given to an event in newspapers or on television.
coverage,noun,The average number of reads representing a given nucleotide in the reconstructed sequence.
coverage,noun,The area covered by a mobile phone (cellphone) or other radio network.
coverage,noun,"The signal strength, reception of a radio signal."
coverage,noun,Journalism: the attention given by the press or news media about some news; the total of stories published or broadcast about a topic.
coverage,noun,Defense.
creativity,noun,The ability to use imagination to produce a novel idea or product that is useful to society.
creator,noun,Something or someone which creates or makes something.
creator,noun,"(social media) Ellipsis of content creator, someone who regularly produces and publishes content on social media, especially of a monetizable nature."
creator,noun,(sometimes capitalized) The deity that created the world.
criticize,verb,To find fault (with something).
criticize,verb,"To evaluate (something), assessing its merits and faults."
database,noun,"(general) A collection of (usually) organized information in a regular structure, usually but not necessarily in a machine-readable format accessible by a computer."
database,noun,A set of tables in a database(1).
database,noun,"A software program for storing, retrieving and manipulating a database(1)."
database,noun,A combination of (1) and (2).
database,verb,To enter data into a database.
deadline,noun,A time limit in the form of a date on or before which something must be completed.
deadline,noun,A guideline marked on a plate for a printing press.
deadline,noun,A line that does not move.
deadline,noun,"A boundary around a prison, prisoners crossing which would be shot."
deadline,verb,"To render an item non-mission-capable; to ground an aircraft, etc."
desktop,noun,The top surface of a desk.
desktop,noun,A desktop computer.
desktop,noun,"The main graphical user interface of an operating system, usually displaying icons, windows and background wallpaper."
desktop,adjective,Designed for use on a desk or similar piece of furniture.
desktop,adjective,"Of an application, designed to be run on a personal computer."
documentation,noun,Something transposed from a thought to a document; the written account of an idea.
documentation,noun,Documentary evidence and sources.
documentation,noun,Documents that explain the operation of a particular machine or software program.
documentation,noun,"Comments that explain the usage of individual functions, libraries and blocks of code."
download,noun,A file transfer to the local computer.
download,noun,"A file that has been, or will be transferred in this way."
download,verb,"To transfer data from a remote computer (server) to a local computer, usually via a network."
download,verb,To upload; to copy a file from a local computer to a remote computer via a network.
download,verb,To transfer a file to or from removable media.
download,verb,To install software.
downtown,noun,"The main business part of a city or town, usually located at or near its center."
downtown,adjective,"Of, relating to, or situated in the central business district"
downtown,adverb,In or towards the central business district
downtown,adverb,"Outside the three-point line, or generally far from the basket."
dvd,undefined,"A disk on which large amounts of information, especially films, photographs and video, can be stored, for use on a DVD player or computer (the abbreviation for ‘digital versatile disc’ or ‘digital videodisc’)."
eachother,pronoun,(reciprocal pronoun) To one another; one to the other; signifies that a verb applies to two or more entities both as subjects and as direct objects:
ecological,adjective,"Relating to ecology, the interrelationships of organisms and their environment."
ecological,adjective,Not harmful to the environment.
electoral,adjective,Relating to or composed of electors.
electoral,adjective,"Of, or relating to elections."
electronic,adjective,: Of or pertaining to an electron or electrons.
electronic,adjective,"Operating on the physical behavior of electrons, especially in semiconductors."
electronic,adjective,Generated by an electronic device.
electronic,adjective,Of or pertaining to the Internet.
electronics,noun,The study and use of electrical devices that operate by controlling the flow of electrons or other electrically charged particles or by converting the flow of charged particles to or from other forms of energy.
electronics,noun,(in the plural) A device or devices which require the flow of electrons through conductors and semiconductors in order to perform their function; devices that operate on electrical power (battery or outlet)
electronics,noun,Electronic circuitry.
email,noun,"A system for transferring messages from one computer to another, usually through a network."
email,noun,A quantity of messages sent through an email system.
email,noun,A message sent through an email system.
email,noun,An email address.
email,verb,To send an email or emails to.
email,verb,(may take two objects) To send (something) through email.
email,verb,"To send, or compose and send, an email or emails."
email,noun,Enamel.
emotionally,adverb,In an emotional manner; displaying emotion.
emotionally,adverb,Regarding emotions.
endeavour,noun,A sincere attempt; a determined or assiduous effort towards a specific goal; assiduous or persistent activity.
endeavour,verb,To exert oneself.
endeavour,verb,To attempt through application of effort (to do something); to try strenuously.
endeavour,verb,To attempt (something).
endeavour,verb,To work with purpose.
enrol,verb,"To enter (a name, etc.) in a register, roll or list"
enrol,verb,To enlist (someone) or make (someone) a member of
enrol,verb,To enlist oneself (in something) or become a member (of something)
enrol,verb,To envelop; to enwrap.
environmental,adjective,Pertaining to the environment.
escalate,verb,To increase (something) in extent or intensity; to intensify or step up.
escalate,verb,"In technical support, to transfer a customer, a problem, etc. to the next higher level of authority"
essentially,adverb,In an essential manner; in essence
euro,noun,Person living or originating from Europe
euro,noun,Person who resides within the European Union
euro,noun,The currency unit of the European Monetary Union. Symbol: €
euro,noun,A coin with a face value of 1 euro.
euro,noun,"Macropus robustus, a wallaroo (macropod species)."
exam,noun,The act of examining.
exam,noun,"Particularly, an inspection by a medical professional to establish the extent and nature of any sickness or injury."
exam,noun,A formal test involving answering written or oral questions under a time constraint and usually without access to textbooks.
exam,noun,Interrogation.
exam,verb,To observe or inspect carefully or critically
exam,verb,To check the health or condition of something or someone
exam,verb,"To determine the aptitude, skills or qualifications of someone by subjecting them to an examination"
exam,verb,To interrogate
exclusively,adverb,(focus) to the exclusion of anything or anyone else; solely or entirely
expertise,noun,Great skill or knowledge in a particular field or hobby.
expertise,noun,"Advice, or opinion, of an expert."
favour,noun,A kind or helpful deed; an instance of voluntarily assisting (someone).
favour,noun,Goodwill; benevolent regard.
favour,noun,A small gift; a party favor.
favour,noun,Mildness or mitigation of punishment; lenity.
favour,noun,The object of regard; person or thing favoured.
favour,noun,Appearance; look; countenance; face.
favour,noun,Partiality; bias.
favour,noun,"A letter, a written communication."
favour,noun,Anything worn publicly as a pledge of a woman's favor.
favour,noun,(in the plural) Lovelocks.
favour,verb,To look upon fondly; to prefer.
favour,verb,"To encourage, conduce to"
favour,verb,To do a favor [noun sense 1] for; to show beneficence toward.
favour,verb,To treat with care.
favour,verb,"(including) To resemble, to look like (another person)."
favourable,adjective,"Pleasing, encouraging or approving."
favourable,adjective,Useful or helpful.
favourable,adjective,Convenient or at a suitable time; opportune.
favourable,adjective,Auspicious or lucky.
favourite,noun,A person or thing who enjoys special regard or favour.
favourite,noun,A person who is preferred or trusted above all others.
favourite,noun,A contestant or competitor thought most likely to win.
favourite,noun,A bookmark in a web browser.
favourite,noun,"(in the plural) A short curl dangling over the temples, fashionable in the reign of Charles II."
favourite,verb,To favour.
favourite,verb,To bookmark.
favourite,verb,To add to one's list of favourite items on a website that allows users to compile such lists.
favourite,adjective,Preferred or liked above all others (unless qualified).
favourite,adjective,Belonging to a category whose members are all preferred or liked over nonmembers.
feedback,noun,Critical assessment of a process or activity or of their results.
feedback,noun,(control theory) The part of an output signal that is looped back into the input to control or modify a system.
feedback,noun,The high-pitched howling noise heard when there is a loop between a microphone and a speaker.
feedback,verb,To generate the high-frequency sound by allowing a speaker to cause vibration of the sound generator of a musical instrument connected by an amplifier to the speaker.
feedback,verb,To provide informational feedback to.
feedback,verb,To convey by means of specialized communications channel.
feminist,noun,An advocate of feminism; a person who believes in bringing about the equality of the sexes (of women and men) in all aspects of public and private life
feminist,noun,A member of a feminist political movement
feminist,adjective,Relating to or in accordance with feminism.
firefighter,noun,A person who puts out fires.
flavour,noun,"The quality produced by the sensation of taste or, especially, of taste and smell in combined effect."
flavour,noun,A substance used to produce a taste. Flavoring.
flavour,noun,A variety (of taste) attributed to an object.
flavour,noun,The characteristic quality of something.
flavour,noun,A kind or type.
flavour,noun,"One of the six types of quarks (top, bottom, strange, charmed, up, and down) or three types of leptons (electron, muon, and tauon)."
flavour,noun,The quality produced by the sensation of smell; odour; fragrance.
flavour,verb,To add flavoring to something.
flu,noun,Influenza.
flu,noun,Stomach flu.
footage,noun,An amount of film or tape that has been used to record something.
footage,noun,A measurement in feet.
format,noun,The layout of a publication or document.
format,noun,(hence) The form of presentation of something.
format,noun,"The type of programming that a radio station broadcasts; such as a certain genre of music, news, sports, talk, etc."
format,noun,A file type.
format,verb,To create or edit the layout of a document.
format,verb,Change a document so it will fit onto a different type of page.
format,verb,"To prepare a mass storage medium for initial use, erasing any existing data in the process."
freeway,noun,"A road designed for safe, high-speed operation of motor vehicles through the elimination of at-grade intersections, usually divided and having at least two lanes in each direction; a dual carriageway with no at-grade crossings, a motorway."
freeway,noun,A toll-free highway.
fulfil,verb,"To satisfy, carry out, bring to completion (an obligation, a requirement, etc.)."
fulfil,verb,To emotionally or artistically satisfy; to develop one's gifts to the fullest.
fulfil,verb,"To obey, follow, comply with (a rule, requirement etc.)."
fulfil,verb,"To package, distribute, or ship goods."
fulfil,verb,To fill full; fill to the utmost capacity; fill up.
fundraising,noun,The process of collecting money by requesting donations from individuals and businesses.
garage,noun,"A building (or section of a building) used to store a car or cars, tools and other miscellaneous items."
garage,noun,(20th century) A place where cars are serviced and repaired.
garage,noun,A petrol filling station.
garage,noun,A shed for housing an airship or aeroplane or a launchable missile; a hangar.
garage,noun,A side way or space in a canal to enable vessels to pass each other; a siding.
garage,noun,"A type of guitar rock music, personified by amateur bands playing in the basement or garage; garage rock."
garage,noun,"A type of electronic dance music related to house music, with warped and time-stretched sounds; UK garage."
garage,verb,To store in a garage.
gene,noun,"A theoretical unit of heredity of living organisms; a gene may take several values and in principle predetermines a precise trait of an organism's form (phenotype), such as hair color."
gene,noun,"A segment of DNA or RNA from a cell's or an organism's genome, that may take several forms and thus parameterizes a phenomenon, in general the structure of a protein; locus."
genocide,noun,"The systematic killing of substantial numbers of people on the basis of their ethnicity, religion, political beliefs, social status, or other particularities."
genocide,noun,(by extension) The systematic suppression of ideas on the basis of cultural or ethnic origin; culturicide.
genocide,noun,The elimination of an entire class of monsters by the player.
genocide,verb,To commit genocide (against); to eliminate (a group of people) completely.
genuinely,adverb,"In a genuine manner; truthfully, truly."
girlfriend,noun,A female partner in an unmarried romantic relationship.
girlfriend,noun,A female friend.
global,noun,A globally scoped identifier.
global,adjective,Concerning all parts of the world.
global,adjective,"Pertaining to the whole of something; total, universal:"
global,adjective,"Spherical, ball-shaped."
global,adjective,Of or relating to a globe or sphere.
global,adverb,In the global manner; world-wide.
globalization,noun,The process of becoming a more interconnected world.
globalization,noun,"The process of the world economy becoming dominated by capitalist models, according to the World System Theory."
goodbye,noun,"An utterance of goodbye, the wishing of farewell to someone."
goodbye,verb,To say goodbye; to wish somebody farewell on parting.
goodbye,interjection,"Farewell; a formula used to another person or persons when the speaker, writer, or person addressed is departing."
goodnight,noun,Alternative spelling of good night
gosh,interjection,(minced oath) A mild expression of surprise or enthusiasm.
grandad,noun,Grandfather
grandad,noun,A familiar or disparaging term of address to an old man.
grandparent,verb,"To be, or act as, a grandfather to."
grandparent,verb,"To retain discontinued laws or rules for (a thing, person or organization previously affected by them)."
grandparent,noun,The parent of someone's parent
graph,noun,"(applied mathematics) A data chart (graphical representation of data) intended to illustrate the relationship between a set (or sets) of numbers (quantities, measurements or indicative numbers) and a reference set, whose elements are indexed to those of the former set(s) and may or may not be numbers."
graph,noun,"A set of points constituting a graphical representation of a real function; (formally) a set of tuples (x_1, x_2, \ldots, x_m, y)\in\R^{m+1}, where y=f(x_1, x_2, \ldots, x_m) for a given function f: \R^m\rightarrow\R."
graph,noun,"(formally) An ordered pair of sets (V,E), where the elements of V are called vertices or nodes and E is a set of pairs (called edges) of elements of V; (less formally) a set of vertices (or nodes) together with a set of edges that connect (some of) the vertices."
graph,noun,"A topological space which represents some graph (ordered pair of sets) and which is constructed by representing the vertices as points and the edges as copies of the real interval [0,1] (where, for any given edge, 0 and 1 are identified with the points representing the two vertices) and equipping the result with a particular topology called the graph topology."
graph,noun,"(of a morphism f) A morphism \Gamma_f from the domain of f to the product of the domain and codomain of f, such that the first projection applied to \Gamma_f equals the identity of the domain, and the second projection applied to \Gamma_f is equal to f."
graph,noun,"A graphical unit on the token-level, the abstracted fundamental shape of a character or letter as distinct from its ductus (realization in a particular typeface or handwriting on the instance-level) and as distinct by a grapheme on the type-level by not fundamentally distinguishing meaning."
graph,verb,To draw a graph.
graph,verb,To draw a graph of a function.
guideline,noun,A non-specific rule or principle that provides direction to action or behaviour.
guideline,noun,A plan or explanation to guide one in setting standards or determining a course of action.
guideline,noun,"A light line, used in lettering, to help align the text."
gym,noun,A sports facility specialized for lifting weights and exercise.
gym,noun,Physical education class
gym,verb,To go to the gym.
gym,noun,A large room or building for indoor sports.
gym,noun,A type of secondary school in some European countries which typically prepares students for university.
gym,noun,"A public place or building where Ancient Greek youths took exercise, with running and wrestling grounds, baths, and halls for conversation."
gym,noun,"A sport involving the performance of sequences of movements requiring physical strength, flexibility, and kinesthetic awareness."
gym,noun,Complex intellectual or artistic exercises or feats of physical agility.
handbag,noun,(mainly Commonwealth) A small bag used by women (or sometimes by men) for carrying various small personal items.
handbag,noun,"An subgenre of house music of the late 1980s, often with booming vocals."
handbag,verb,"Figuratively, to hit with a handbag; to attack verbally or subject to criticism (used of Margaret Thatcher)."
harbour,noun,Any place of shelter.
harbour,noun,"A sheltered expanse of water, adjacent to land, in which ships may anchor or dock, especially for loading and unloading."
harbour,noun,(glassworking) A mixing box for materials.
harbour,noun,"A house of the zodiac, or the mansion of a heavenly body."
harbour,noun,"Shelter, refuge."
harbour,verb,To provide a harbor or safe place for.
harbour,verb,To take refuge or shelter in a protected expanse of water.
harbour,verb,To drive (a hunted stag) to covert.
harbour,verb,To hold or persistently entertain in one's thoughts or mind.
healthcare,noun,"The prevention, treatment, and management of illness or the preservation of mental and physical well-being through the services offered by the medical, nursing, and allied health professions."
helicopter,noun,"An aircraft that is borne along by one or more sets of long rotating blades which allow it to hover, move in any direction including reverse, or land; and typically having a smaller set of blades on its tail that stabilize the aircraft."
helicopter,noun,A powered troweling machine with spinning blades used to spread concrete.
helicopter,noun,"The winged fruit of certain trees, such as ash, elm, and maple."
helicopter,noun,A dragonfly.
helicopter,noun,A whirling trick performed with devil sticks.
helicopter,verb,To transport by helicopter.
helicopter,verb,To travel by helicopter.
helicopter,verb,To rotate like a helicopter blade.
helicopter,verb,To overprotect one's children.
hi,noun,"The word ""hi"" used as a greeting."
hi,interjection,"A friendly, informal, casual greeting said when meeting someone."
hi,interjection,An exclamation to call attention.
hi,interjection,Expressing wonder or derision.
hi,adjective,Very elevated; extending or being far above a base; tall; lofty.
hi,adjective,Relatively elevated; rising or raised above the average or normal level from which elevation is measured.
hi,adjective,Having a specified elevation or height; tall.
hi,adjective,"Elevated in status, esteem, prestige; exalted in rank, station, or character."
hi,adjective,Of great importance and consequence: grave (if negative) or solemn (if positive).
hi,adjective,"Consummate; advanced (e.g. in development) to the utmost extent or culmination, or possessing a quality in its supreme degree, at its zenith."
hi,adjective,(in several set phrases) Remote in distance or time.
hi,adjective,"(in several set phrases) Very traditionalist and conservative, especially in favoring older ways of doing things; see e.g. high church, High Tory."
hi,adjective,"Elevated in mood; marked by great merriment, excitement, etc."
hi,adjective,(of a lifestyle) Luxurious; rich.
hi,adjective,"Lofty, often to the point of arrogant, haughty, boastful, proud."
hi,adjective,"(with ""on"" or ""about"") Keen, enthused."
hi,adjective,(of a body of water) With tall waves.
hi,adjective,"Large, great (in amount or quantity, value, force, energy, etc)."
hi,adjective,"(acoustics) Acute or shrill in pitch, due to being of greater frequency, i.e. produced by more rapid vibrations (wave oscillations)."
hi,adjective,"Made with some part of the tongue positioned high in the mouth, relatively close to the palate."
hi,adjective,"Greater in value than other cards, denominations, suits, etc."
hi,adjective,"(of meat, especially venison) Strong-scented; slightly tainted/spoiled; beginning to decompose."
hi,adjective,"Intoxicated; under the influence of a mood-altering drug, formerly usually alcohol, but now (from the mid-20th century) usually not alcohol but rather marijuana, cocaine, heroin, etc."
hi,adjective,"(of a sailing ship) Near, in its direction of travel, to the (direction of the) wind."
highlight,noun,"An area or a spot in a drawing, painting, or photograph that is strongly illuminated."
highlight,noun,An especially significant or interesting detail or event or period of time.
highlight,noun,A strand or spot of hair dyed a different color than the rest.
highlight,verb,To make prominent; emphasize.
highlight,verb,To be a highlight of.
highlight,verb,"To mark (important passages of text), e.g. with a fluorescent marker pen or in a wordprocessor, as a means of memory retention or for later reference."
highlight,verb,To dye (part of the hair) a different color than the rest.
highlight,verb,"To seek the attention of (a user) on IRC by mentioning their name in a message, causing that message to appear highlighted on their screen."
homeland,noun,The country that one regards as home.
homeland,noun,One's country of residence.
homeland,noun,One's country of birth.
homeland,noun,The traditional territory of an ethnic group.
homeland,noun,An area set aside for black South Africans under the policy of apartheid.
homework,noun,"Work that is done at home, especially school exercises assigned by a teacher."
homework,noun,"Preliminary or preparatory work, such as research."
homework,noun,Housework.
honour,noun,"Recognition of importance or value; respect; veneration (of someone, usually for being morally upright or successful)"
honour,noun,"The state of being morally upright, honest, noble, virtuous, and magnanimous; excellence of character; the perception of such a state; favourable reputation; dignity"
honour,noun,"A token of praise or respect; something that represents praiseworthiness or respect, such as a prize or award given by the state to a citizen"
honour,noun,A privilege
honour,noun,(in the plural) the privilege of going first
honour,noun,A cause of respect and fame; a glory; an excellency; an ornament.
honour,noun,"(feudal law) a seigniory or lordship held of the king, on which other lordships and manors depended"
honour,noun,The center point of the upper half of an armorial escutcheon (compare honour point)
honour,noun,"In bridge, an ace, king, queen, jack, or ten especially of the trump suit. In some other games, an ace, king, queen or jack."
honour,noun,(in the plural) (courses for) an honours degree: a university qualification of the highest rank
honour,verb,"To think of highly, to respect highly; to show respect for; to recognise the importance or spiritual value of"
honour,verb,"To conform to, abide by, act in accordance with (an agreement, treaty, promise, request, or the like)"
honour,verb,To confer (bestow) an honour or privilege upon (someone)
honour,verb,"To make payment in respect of (a cheque, banker's draft, etc.)"
hopefully,adverb,In a hopeful manner.
hopefully,adverb,It is hoped that; I hope; we hope.
humour,noun,"The quality of being amusing, comical, funny."
humour,noun,"A mood, especially a bad mood; a temporary state of mind or disposition brought upon by an event; an abrupt illogical inclination or whim."
humour,noun,"Any of the fluids in an animal body, especially the four ""cardinal humours"" of blood, yellow bile, black bile and phlegm that were believed to control the health and mood of the human body."
humour,noun,"Either of the two regions of liquid within the eyeball, the aqueous humour and vitreous humour."
humour,noun,"Moist vapour, moisture."
humour,verb,To pacify by indulging.
icecream,noun,"A dessert made from frozen sweetened cream or a similar substance, usually flavoured."
icecream,noun,"A portion of ice cream on a stick, in a cup or in a wafer cone."
implementation,noun,"The process of moving an idea from concept to reality. In business, engineering and other fields, implementation refers to the building process rather than the design process."
implementation,noun,"A result of implementing something; a finished product, system or device."
imprisonment,noun,"A confinement in a place, especially a prison or a jail, as punishment for a crime."
influential,noun,A person who has influence
influential,adjective,Having or exerting influence.
info,noun,Information.
infrastructure,noun,(systems theory) An underlying base or foundation especially for an organization or system.
infrastructure,noun,"The basic facilities, services and installations needed for the functioning of a community or society."
input,noun,The act or process of putting in; infusion.
input,noun,"That which is put in, as in an amount."
input,noun,"Contribution of work or information, as an opinion or advice."
input,noun,Something fed into a process with the intention of it shaping or affecting the output of that process.
input,verb,To put in; put on.
input,verb,To enter data.
input,verb,To accept data that is entered.
insider,noun,"A person who has special knowledge about the inner workings of a group, organization, or institution."
insider,noun,A person who is within an enclosed space.
inspection,noun,"The act of examining something, often closely."
inspection,noun,An organization that checks that certain laws or rules are obeyed.
interactive,noun,A feature (as in a museum) that can be interacted with.
interactive,adjective,Interacting with or communicating with and reacting to each other; influencing or having an effect on each other; acting or capable of acting on each other or with the other.
interactive,adjective,Responding to the user.
interface,noun,The point of interconnection or contact between entities.
interface,noun,A thin layer or boundary between different substances or two phases of a single substance.
interface,noun,The point of interconnection between systems or subsystems.
interface,noun,The connection between a user and a machine.
interface,noun,The connection between parts of software.
interface,noun,"In object-oriented programming, a piece of code defining a set of operations that other code must implement."
interface,noun,The internal surface of a coiled protein (compare exoface).
interface,verb,To construct an interface for.
interface,verb,To connect through an interface.
interface,verb,To serve as an interface.
interface,verb,To meet for discussion.
internet,noun,Any set of computer networks that communicate using the Internet Protocol. (An intranet.)
internet,noun,"The Internet, the largest global internet."
internet,noun,"An internet connection, internet connectivity, access to the internet."
internet,noun,"A fictitious unit of scoring, awarded for making outstanding posts."
internet,verb,To use the Internet; to search for something using the Internet; to surf the Internet.
ironically,adverb,(manner) In an ironic manner; in a way displaying irony.
ironically,adverb,(evaluative) Used to draw attention to an ironic aspect of a situation being described.
irrelevant,adjective,"Not related, not applicable, unimportant, not connected."
jazz,noun,"A musical art form rooted in West African cultural and musical expression and in the African American blues tradition, with diverse influences over time, commonly characterized by blue notes, syncopation, swing, call and response, polyrhythms and improvisation."
jazz,noun,"Energy, excitement, excitability."
jazz,noun,The substance or makeup of a thing.
jazz,noun,Unspecified thing(s).
jazz,noun,"(with positive terms) Something of excellent quality, the genuine article."
jazz,noun,Nonsense.
jazz,noun,"Semen, jizz."
jazz,verb,To destroy.
jazz,verb,To play (jazz music).
jazz,verb,To dance to the tunes of jazz music.
jazz,verb,"To enliven, brighten up, make more colourful or exciting; excite"
jazz,verb,To complicate.
jazz,verb,"To have sex for money, to prostitute oneself."
jazz,verb,To move (around/about) in a lively or frivolous manner; to fool around.
jazz,verb,To distract or pester.
jazz,verb,To ejaculate.
jeans,noun,Denim.
jeans,noun,A pair of trousers made from denim cotton.
judgement,noun,The act of judging.
judgement,noun,"The power or faculty of performing such operations; especially, when unqualified, the faculty of judging or deciding rightly, justly, or wisely"
judgement,noun,The conclusion or result of judging; an opinion; a decision.
judgement,noun,"The act of determining, as in courts of law, what is conformable to law and justice; also, the determination, decision, or sentence of a court, or of a judge."
judgement,noun,The final award; the last sentence.
labour,noun,"Effort expended on a particular task; toil, work."
labour,noun,That which requires hard work for its accomplishment; that which demands effort.
labour,noun,"Workers in general; the working class, the workforce; sometimes specifically the labour movement, organised labour."
labour,noun,A political party or force aiming or claiming to represent the interests of labour.
labour,noun,The act of a mother giving birth.
labour,noun,The time period during which a mother gives birth.
labour,noun,The pitching or tossing of a vessel which results in the straining of timbers and rigging.
labour,noun,"An old measure of land area in Mexico and Texas, approximately 177 acres."
labour,verb,"To toil, to work."
labour,verb,"To belabour, to emphasise or expand upon (a point in a debate, etc)."
labour,verb,"To be oppressed with difficulties or disease; to do one's work under conditions which make it especially hard or wearisome; to move slowly, as against opposition, or under a burden."
labour,verb,To suffer the pangs of childbirth.
labour,verb,"To pitch or roll heavily, as a ship in a turbulent sea."
laptop,noun,A laptop computer.
laser,noun,"A device that produces a monochromatic, coherent beam of light."
laser,noun,A beam of light produced by such a device; a laser beam.
laser,noun,A laser printer.
laser,verb,To cut with a laser
laser,verb,To throw with laser-like precision
laser,noun,A gum resin obtained from certain umbelliferous plants.
laser,noun,Such a plant.
latest,adjective,Near the end of a period of time.
latest,adjective,"Specifically, near the end of the day."
latest,adjective,(usually not comparable) Associated with the end of a period.
latest,adjective,Not arriving until after an expected time.
latest,adjective,Not having had an expected menstrual period.
latest,adjective,"Deceased, dead: used particularly when speaking of the dead person's actions while alive. (Often used with ""the""; see usage notes.)"
latest,adjective,"Existing or holding some position not long ago, but not now; departed, or gone out of office."
latest,adjective,Recent — relative to the noun it modifies.
latest,adjective,"Of a star or class of stars, cooler than the sun."
latest,adverb,"After a deadline has passed, past a designated time."
latest,adverb,"Formerly, especially in the context of service in a military unit."
latest,adverb,Not long ago; just now.
latest,noun,"The most recent thing, particularly information or news."
layout,noun,A structured arrangement of items within certain limits.
layout,noun,A plan for such arrangement.
layout,noun,The act of laying out something.
layout,noun,"The process of arranging editorial content, advertising, graphics and other information to fit within certain constraints."
layout,noun,"A map or a drawing of a construction site showing the position of roads, buildings or other constructions."
layout,noun,A specification of an integrated circuit showing the position of the physical components that will implement the schematic in silicon.
licence,noun,A legal document giving official permission to do something; a permit.
licence,noun,"The legal terms under which a person is allowed to use a product, especially software."
licence,noun,Freedom to deviate deliberately from normally applicable rules or practices (especially in behaviour or speech).
licence,noun,Excessive freedom; lack of due restraint.
licence,noun,Short for driver's license.
licence,verb,To give a formal (usually written) authorization.
licence,verb,Authorize officially.
lifestyle,noun,A style of living that reflects the attitudes and values of a person or group.
lifestyle,noun,"The totality of the likes and dislikes of a particular section of the market, especially when expressed in terms of the products and services that they would buy; a marketing strategy based on the self-image of such a group."
logo,noun,A visual symbol or emblem that acts as a trademark or a means of identification of a company or organization.
logo,noun,(by extension) An audio recording for the same purpose; a jingle.
logo,noun,A single graphic which contains one or more separate elements.
logo,noun,"An ensign, a badge of office, rank, or power."
lunchtime,noun,The time or hour at or around which lunch is normally eaten.
lunchtime,noun,A break in work or school to eat lunch.
mainstream,noun,"The principal current in a flow, such as a river or flow of air"
mainstream,noun,(usually with the) That which is common; the norm.
mainstream,verb,"To popularize, to normalize, to render mainstream."
mainstream,verb,To become mainstream.
mainstream,verb,To educate (a disabled student) together with non-disabled students.
mainstream,adjective,Used or accepted broadly rather than by small portions of a population or market.
marathon,noun,A 42.195 kilometre (26 mile 385 yard) road race.
marathon,noun,(by extension) Any extended or sustained activity.
marathon,verb,To run a marathon.
marathon,verb,"To watch or read a large number of instalments of (a film, book, TV series, etc.) in one sitting."
marketplace,noun,An open area in a town housing a public market.
marketplace,noun,"The space, actual or metaphorical, in which a market operates."
marketplace,noun,(by extension) The world of commerce and trade.
marketplace,noun,"A place or sphere for the exchange of anything, such as ideas or fashions."
marvellous,adjective,Exciting wonder or surprise; astonishing; wonderful.
maths,noun,"An abstract representational system used in the study of numbers, shapes, structure, change and the relationships between these concepts."
maths,noun,"A person's ability to count, calculate, and use different systems of mathematics at differing levels."
meaningful,adjective,"Having meaning, significant."
means,verb,To lament.
means,verb,To intend.
means,verb,To convey (a meaning).
means,verb,To have conviction in (something said or expressed); to be sincere in (what one says).
means,verb,To cause or produce (a given result); to bring about (a given result).
means,verb,(usually with to) To be of some level of importance.
means,noun,(now chiefly in the plural) A method or course of action used to achieve some result.
means,noun,(in the singular) An intermediate step or intermediate steps.
means,noun,Something which is intermediate or in the middle; an intermediate value or range of values; a medium.
means,noun,"The middle part of three-part polyphonic music; now specifically, the alto part in polyphonic music; an alto instrument."
means,noun,"The average of a set of values, calculated by summing them together and dividing by the number of terms; the arithmetic mean."
means,noun,"Any function of multiple variables that satisfies certain properties and yields a number representative of its arguments; or, the number so yielded; a measure of central tendency."
means,noun,"Either of the two numbers in the middle of a conventionally presented proportion, as 2 and 3 in 1:2=3:6."
means,noun,Resources; riches.
means,noun,An instrument or condition for attaining a purpose.
memo,noun,A short note; a memorandum.
memo,noun,A record of partial results that can be reused later without recomputation.
memo,verb,To record something; to make a note of something.
memo,verb,"To send someone a note about something, for the record."
messy,adjective,"(of a place, situation, person, etc) In a disorderly state; chaotic; disorderly."
messy,adjective,(of a person) Prone to causing mess.
messy,adjective,(of a situation) Difficult or unpleasant to deal with.
minimal,adjective,"The smallest possible amount, quantity, or degree."
minimal,adjective,Characterised by the use of simple form or structures.
minimal,adjective,Characterised by the repetition and gradual alteration of short phrases.
mom,noun,(familiar) mother.
mom,noun,An adult female owner of a pet.
mom,verb,To care in a motherly way.
mommy,noun,(usually childish) Mother.
mommy,verb,To treat someone like a mother would; to mother someone.
mommy,adjective,(chiefly in the superlative) Characteristic of a mother; motherly.
motivate,verb,To provide someone with an incentive to do something; to encourage.
motivate,verb,To animate; to propel; to cause to take action
motivation,noun,Willingness of action especially in behavior.
motivation,noun,The action of motivating.
motivation,noun,Something which motivates.
motivation,noun,An incentive or reason for doing something.
motivation,noun,"A research rating that measures how the rational and emotional elements of a commercial affect consumer intention to consider, visit, or buy something."
motorcycle,noun,"An open-seated motor vehicle with handlebars instead of a steering wheel, and having two (or sometimes three) wheels."
motorcycle,verb,To ride a motorcycle.
motorist,noun,One who drives a motor vehicle.
motorway,noun,"(parts of Australia) A broad highway designed for high speed traffic, having restrictions on the vehicle types permitted and merging lanes instead of cross traffic; in parts of the United States and other places called freeway."
movie,noun,A recorded sequence of images displayed on a screen at a rate sufficiently fast to create the appearance of motion.
movie,noun,(usually plural) A cinema.
nationwide,adjective,Extending throughout an entire nation.
nationwide,adverb,Throughout a nation.
nearby,adjective,"Adjacent, near, close by"
nearby,adverb,"Next to, close to"
neighbour,noun,A person living on adjacent or nearby land; a person situated adjacently or nearby; anything (of the same type of thing as the subject) in an adjacent or nearby position.
neighbour,noun,One who is near in sympathy or confidence.
neighbour,noun,A fellow human being.
neighbour,verb,To be adjacent to
neighbour,verb,"(followed by ""on""; figurative) To be similar to, to be almost the same as."
neighbour,verb,To associate intimately with; to be close to.
neighbourhood,noun,"The quality of being a neighbor, of living nearby, next to each-other; proximity."
neighbourhood,noun,"Close proximity, nearby area; particularly, close proximity to one's home."
neighbourhood,noun,The inhabitants of a residential area.
neighbourhood,noun,A formal or informal division of a municipality or region.
neighbourhood,noun,An approximate amount.
neighbourhood,noun,The quality of physical proximity.
neighbourhood,noun,The disposition becoming a neighbor; neighborly kindness or good will.
neighbourhood,noun,Within a topological space:
neighbourhood,noun,Within a metric space:
neighbourhood,noun,The infinitesimal open set of all points that may be reached directly from a given point.
neighbourhood,noun,The set of all the vertices adjacent to a given vertex.
neighbouring,adjective,Situated or living nearby or adjacent to.
newsletter,noun,"A periodically sent publication containing current events or the like, generally on a particular topic or geared toward a limited audience."
nonetheless,adverb,Nevertheless.
noone,pronoun,"Used in contrast to anyone, someone or everyone: not one person; nobody."
noone,noun,The ninth hour of the day counted from sunrise; around three o'clock in the afternoon.
noone,noun,"Time of day when the sun is in its zenith; twelve o'clock in the day, midday."
noone,noun,The corresponding time in the middle of the night; midnight.
noone,noun,The highest point; culmination.
noone,noun,The letter ن in the Arabic script.
obviously,adverb,In an obvious or clearly apparent manner.
obviously,adverb,"Used as a filler word, or to introduce information even when not obvious."
ok,adjective,"All right, permitted."
ok,adjective,"Satisfactory, reasonably good; not exceptional."
ok,adjective,In good health or a good emotional state.
online,verb,"To bring (a system, etc.) online; to promote to an active or running state."
online,adjective,Of a system: connected (generally electrically) to a larger network.
online,adjective,"Available over, or delivered from, the Internet."
online,adjective,Connected to the Internet.
online,adjective,"Available on a computer system, even if not networked."
online,adjective,"Of a system: active, particularly building facilities (such as power) or a factory or power plant."
online,adverb,"While online; while in a running or active state, or connected to the Internet."
operational,adjective,"Of or relating to operations, especially military operations."
operational,adjective,Functioning and ready for use.
operational,adjective,Effective or operative.
operational,adjective,Determined by means of practical measures.
opt,verb,To choose; select.
organizational,adjective,"Of, relating to, or produced by an organization."
organizational,adjective,Relating to the action of organizing something.
pants,noun,"(Manchester) An outer garment that covers the body from the waist downwards, covering each leg separately, usually as far as the ankles; trousers."
pants,noun,An undergarment that covers the genitals and often the buttocks and the neighbouring parts of the body; underpants.
pants,noun,Rubbish; something worthless.
pants,adjective,"Of inferior quality, rubbish."
pants,verb,To pull someone’s pants down; to forcibly remove someone’s pants.
pants,noun,A quick breathing; a catching of the breath; a gasp.
pants,noun,Eager longing.
pants,noun,A violent palpitation of the heart.
pants,noun,A pair of pants (trousers or underpants).
pants,noun,(used attributively as a modifier) Of or relating to pants.
pants,noun,(Scotland and northeast England) Any public drinking fountain.
pants,verb,"To breathe quickly or in a labored manner, as after exertion or from eagerness or excitement; to respire with heaving of the breast; to gasp."
pants,verb,To long eagerly; to desire earnestly.
pants,verb,To long for (something); to be eager for (something).
pants,verb,"Of the heart, to beat with unnatural violence or rapidity; to palpitate."
pants,verb,To sigh; to flutter; to languish.
pants,verb,"To heave, as the breast."
pants,verb,"To bulge and shrink successively, of iron hulls, etc."
percent,noun,"A percentage, a proportion (especially per hundred)."
percent,noun,One part per hundred; one percent.
percent,adverb,For every hundred (used with preceding numeral to form a noun phrase expressing a proportion).
phone,noun,"A device for transmitting conversations and other sounds in real time across distances, now often a small portable unit also capable of running software etc."
phone,verb,To call (someone) using a telephone.
phone,noun,"A speech segment that possesses distinct physical or perceptual properties, considered as a physical event without regard to its place in the phonology of a language."
photocopy,noun,A copy made using a photocopier.
photocopy,verb,To make a copy using a photocopier.
pipeline,noun,"A conduit made of pipes used to convey water, gas or petroleum etc."
pipeline,noun,"A channel (either physical or logical) by which information is transmitted sequentially (that is, the first information in is the first information out)."
pipeline,noun,A system or process through which something is conducted.
pipeline,noun,"The inside of a wave that a surfer is riding, when the wave has started closing over it."
pipeline,verb,"To design (a microchip etc.) so that processing takes place in efficient stages, the output of each stage being fed as input to the next."
pipeline,verb,To convey something by a system of pipes
pipeline,verb,To lay a system of pipes through something
pizza,noun,"A baked Italian dish of a thinly rolled bread dough crust typically topped before baking with tomato sauce, cheese and other ingredients such as meat, vegetables or fruit"
pizza,noun,A single instance of this dish
postoffice,noun,"A place (building, office, shop, or counter) concerned with the business of delivering letters, post or mail and selling stamps, etc."
postoffice,noun,An organisation that delivers letters.
postoffice,noun,A party game involving the exchange of kisses.
precisely,adverb,(manner) In a precise manner; exactly.
precisely,adverb,(focus) Used to provide emphasis.
predator,noun,"Any animal or other organism that hunts and kills other organisms (their prey), primarily for food."
predator,noun,Someone who attacks and plunders for gain.
predator,noun,A sexual predator.
privatization,noun,The transfer of a company or organization from government to private ownership and control.
processing,verb,To perform a particular process on a thing.
processing,verb,"To retrieve, store, classify, manipulate, transmit etc. (data, signals, etc.), especially using computer techniques."
processing,verb,"To think about a piece of information, or a concept, in order to assimilate it, and perhaps accept it in a modified state."
processing,verb,To develop photographic film.
processing,verb,To take legal proceedings against.
processing,verb,To walk in a procession
processing,noun,The action of the verb to process.
processing,noun,The act of taking something through a set of prescribed procedures.
processing,noun,"The act of retrieving, storing, classifying, manipulating, transmitting etc. data, especially via computer techniques."
processor,noun,"A person or institution who processes things (foods, photos, applications, etc.)."
processor,noun,"A device which processes, which changes something (a computer processor, food processor, etc.)."
processor,noun,A central processing unit.
processor,noun,A microprocessor.
programming,verb,To enter a program or other instructions into (a computer or other electronic device) to instruct it to do a particular task.
programming,verb,To develop (software) by writing program code.
programming,verb,To put together the schedule of an event.
programming,verb,To cause to automatically behave in a particular way.
programming,noun,"The designing, scheduling or planning of a radio or television program/programme."
programming,noun,Brain-washing
programming,noun,The act of writing a computer program.
programming,noun,"The software that controls a machine, or the logic expressed in such software; operating instructions."
promotion,noun,An advancement in rank or position.
promotion,noun,Dissemination of information in order to increase its popularity.
promotion,noun,An event intended to increase the reach or image of a product or brand.
promotion,noun,Forward motion. (Contrast remotion.)
pub,noun,"A public house where beverages, primarily alcoholic, may be bought and consumed, also providing food and sometimes entertainment such as live music or television."
pub,noun,A public server.
pub,verb,To go to one or more public houses.
pub,noun,The act of publishing printed or other matter.
pub,noun,"An issue of printed or other matter, offered for sale or distribution."
pub,noun,The communication of information to the general public etc.
pub,verb,To publish
questionnaire,noun,A form containing a list of questions; a means of gathering information for a survey
questionnaire,verb,To survey using questionnaires
racism,noun,"Belief that there are distinct human races with inherent differences which determine their abilities, and generally that some are superior and others inferior."
racism,noun,"The policies, practices, or systems (e.g. government or political) promoting this belief or promoting the dominance of one or more races over others."
racism,noun,Prejudice or discrimination based upon race or ethnicity; an action of such discrimination.
racist,noun,A person who believes in or supports racism; a person who believes that a particular race is superior to others.
racist,adjective,"Constituting, exhibiting, advocating or pertaining to racism."
racist,adjective,Discriminatory.
radar,noun,"A method of detecting distant objects and determining their position, velocity, or other characteristics by analysis of sent radio waves (usually microwaves) reflected from their surfaces"
radar,noun,"A type of system using such method, differentiated by platform, configuration, frequency, power, and other technical attributes."
radar,noun,An installation of such a system or of the transmitting and receiving apparatus.
radar,noun,A superior ability to detect something.
radar,verb,"To scan with radar, or as if with radar."
radio,noun,The technology that allows for the transmission of sound or other signals by modulation of electromagnetic waves.
radio,noun,A device that can capture (receive) the signal sent over radio waves and render the modulated signal as sound.
radio,noun,"On-board entertainment system in a car, usually including a radio receiver as well as the capability to play audio from recorded media."
radio,noun,A device that can transmit radio signals.
radio,noun,The continuous broadcasting of sound via the Internet in the style of traditional radio.
radio,verb,To use two-way radio to transmit (a message) (to another radio or other radio operator).
radio,verb,"To order or assist (to a location), using telecommunications."
recycle,noun,An act of recycling.
recycle,verb,To break down and reuse component materials.
recycle,verb,To reuse as a whole.
recycle,verb,To collect or place in a bin for recycling.
recycle,verb,To be recycled.
recycle,verb,To discard into a recycling bin.
regulatory,adjective,Of or pertaining to regulation.
remains,noun,(chiefly in the plural) That which is left; relic; remainder.
remains,noun,(in the plural) That which is left of a human being after the life is gone; relics; a dead body.
remains,noun,"Posthumous works or productions, especially literary works."
remains,noun,State of remaining; stay.
remains,verb,To stay behind while others withdraw; to be left after others have been removed or destroyed; to be left after a number or quantity has been subtracted or cut off; to be left as not included or comprised.
remains,verb,"To continue unchanged in place, form, or condition, or undiminished in quantity; to abide; to stay; to endure; to last."
remains,verb,To await; to be left to.
remains,verb,To continue in a state of being.
remains,noun,What is left after a person (or any organism) dies; a corpse.
remains,noun,Historical or archaeological relics.
remains,noun,The extant writings of a deceased person.
remains,noun,All that is left of the stock of some things; remnants.
remarkably,adverb,(manner) In a remarkable manner.
remarkably,adverb,(degree) To a noteworthy extent.
remarkably,adverb,(evaluative) Used to draw special attention to a proposition.
reportedly,adverb,According to reports or rumors; supposedly.
reporting,verb,"To relate details of (an event or incident); to recount, describe (something)."
reporting,verb,"To repeat (something one has heard), to retell; to pass on, convey (a message, information etc.)."
reporting,verb,To take oneself (to someone or something) for guidance or support; to appeal.
reporting,verb,"To notify someone of (particular intelligence, suspicions, illegality, misconduct etc.); to make notification to relevant authorities; to submit a formal report of."
reporting,verb,"To make a formal statement, especially of complaint, about (someone)."
reporting,verb,To show up or appear at an appointed time; to present oneself.
reporting,verb,To write news reports (for); to cover as a journalist or reporter.
reporting,verb,To be accountable to or subordinate to (someone) in a hierarchy; to receive orders from (someone); to give official updates to (someone who is above oneself in a hierarchy).
reporting,verb,To return or present as the result of an examination or consideration of any matter officially referred.
reporting,verb,"To take minutes of (a speech, the doings of a public body, etc.); to write down from the lips of a speaker."
reporting,verb,To refer.
reporting,verb,"To return or repeat, as sound; to echo."
reporting,noun,"The creation of reports, as for a business or a journal."
robot,noun,"A machine built to carry out some complex task or group of tasks by physically moving, especially one which can be programmed."
robot,noun,"An intelligent mechanical being designed to look like a human or other creature, and usually made from metal."
robot,noun,A person who does not seem to have any emotions.
robot,noun,A traffic light (from earlier robot policeman).
robot,noun,A theodolite which follows the movements of a prism and can be used by a one-man crew.
robot,noun,A style of dance popular in disco in which the dancer imitates the stiff movements of a stereotypical android robot.
rugby,noun,(usually uncountable) A form of football in which players can hold or kick an ovoid ball. The ball cannot be handled forwards and points are scored by touching the ball to the ground in the area past their opponent’s territory or kicking the ball between goalposts and over a crossbar.
rugby,noun,"A loose fitting shirt with a collar, as worn by rugby players."
rugby,noun,"Rubber cement, contact cement."
rumour,noun,"A statement or claim of questionable accuracy, from no known reliable source, usually spread by word of mouth."
rumour,noun,Information or misinformation of the kind contained in such claims.
rumour,verb,(usually used in the passive voice) To tell a rumor about; to gossip.
rumour,noun,"A prolonged, indistinct noise."
seminar,noun,"A class held for advanced studies in which students meet regularly to discuss original research, under the guidance of a professor."
seminar,noun,A meeting held for the exchange of useful information by members of a common business community.
seriously,adverb,(manner) In a serious or literal manner.
seriously,adverb,Gravely; deeply; very much.
seriously,adverb,Used to attempt to introduce a serious point in a less serious conversation
seriously,adverb,"Used to call back to a previous point, either in disbelief or emphasis"
severely,adverb,In a severe manner.
sexy,adjective,(of a person) Having sex appeal; suggestive of sex.
sexy,adjective,That can sexually attract or arouse.
sexy,adjective,"(of a thing or concept) interesting, attractive, intriguing, or appealing."
sexy,adjective,Sexual.
sexy,adjective,Used to describe prime numbers that differ from each other by six.
sibling,noun,A person who shares a parent; one's brother or sister who one shares a parent with.
sibling,noun,A node in a data structure that shares its parent with another node.
sibling,noun,"The most closely related species, or one of several most closely species when none can be determined to be more closely related."
simultaneously,adverb,Occurring at the same time.
ski,noun,One of a pair of long flat runners designed for gliding over snow or water
ski,noun,"One of a pair of long flat runners under some flying machines, used for landing"
ski,verb,To move on skis
ski,verb,"To travel over (a slope etc.) on skis; to travel on skis at (a place), (especially as a sport)"
skiing,verb,To move on skis
skiing,verb,"To travel over (a slope etc.) on skis; to travel on skis at (a place), (especially as a sport)"
skiing,noun,A group of sports utilizing skis as primary equipment.
soccer,noun,Association football
soccer,verb,"To kick the football directly off the ground, without using one's hands."
software,noun,"Encoded computer instructions, usually modifiable (unless stored in some form of unalterable memory such as ROM)."
software,noun,"The human beings involved in warfare, as opposed to hardware such as weapons and vehicles."
someone,noun,A partially specified but unnamed person.
someone,noun,An important person
someone,pronoun,Some person.
spam,noun,(rarely countable) Unsolicited bulk electronic messages.
spam,noun,Any undesired electronic content automatically generated for commercial purposes.
spam,noun,A type of tinned meat made mainly from ham.
spam,verb,To send spam (i.e. unsolicited electronic messages.)
spam,verb,To send spam (i.e. unsolicited electronic messages) to a person or entity.
spam,verb,(by extension) To use (a spell or ability) rapidly and repeatedly.
spam,verb,To post the same text repeatedly with disruptive effect; to flood.
specialized,verb,"To make distinct or separate, particularly:"
specialized,verb,"To become distinct or separate, particularly:"
specialized,adjective,Highly skilled in a specific field.
spokesperson,noun,A person who acts as the voice of a group of people.
spokeswoman,noun,A woman who speaks as the voice of a group of people.
spotlight,noun,"A bright, directional light or lamp, especially one used to illuminate the focus or center of attention on a stage."
spotlight,noun,The circle of light shed by a spotlight.
spotlight,noun,The center of attention; the highlight or most important part.
spotlight,verb,To illuminate with a spotlight.
spotlight,verb,To draw attention to.
stabilize,verb,To make stable.
stabilize,verb,To become stable.
sublist,noun,A list that includes some of the items from a longer list.
successfully,adverb,In a successful manner; with success; without failing.
suddenly,adverb,Happening quickly and with little or no warning; in a sudden manner.
supermarket,noun,"A large self-service store that sells groceries and, usually, medications, household goods and/or clothing."
supermarket,noun,A chain of such stores.
supermarket,noun,A one-stop shop; a place offering a range of products or services.
supportive,adjective,Providing support.
supposedly,adverb,As a matter of supposition; in the beliefs or according to the claims of some people.
surprisingly,adverb,"In a way that causes surprise because it is unexpected, or unusual."
taxi,noun,"A vehicle that may be hired for single journeys by members of the public, driven by a taxi driver."
taxi,noun,A share taxi.
taxi,verb,To move an aircraft on the ground under its own power.
taxi,verb,To travel by taxicab.
teenager,noun,A person between 13 and 19 years of age; an adolescent.
television,noun,"An electronic communication medium that allows the transmission of real-time visual images, and often sound."
television,noun,A device for receiving television signals and displaying them in visual form.
television,noun,"Collectively, the programs broadcast via the medium of television."
television,noun,Vision at a distance.
television,verb,To watch television.
telly,noun,Television.
telly,noun,A television set.
telly,noun,A hotel or motel.
terms,noun,"That which limits the extent of anything; limit, extremity, bound, boundary."
terms,noun,A chronological limitation or restriction.
terms,noun,Any of the binding conditions or promises in a legal contract.
terms,noun,"A point, line, or superficies that limits."
terms,noun,"A word or phrase, especially one from a specialised area of knowledge."
terms,noun,Relations among people.
terms,noun,"Part of a year, especially one of the three parts of an academic year."
terms,noun,Duration of a set length; period in office of fixed length.
terms,noun,"With respect to a pregnancy, the period during which birth usually happens (approximately 40 weeks from conception)."
terms,noun,(of a patent) The maximum period during which the patent can be maintained into force.
terms,noun,A menstrual period.
terms,noun,"Any value (variable or constant) or expression separated from another term by a space or an appropriate character, in an overall expression or table."
terms,noun,"The subject or the predicate of a proposition; one of the three component parts of a syllogism, each one of which is used twice."
terms,noun,An essential dignity in which unequal segments of every astrological sign have internal rulerships which affect the power and integrity of each planet in a natal chart.
terms,noun,"A statue of the upper body, sometimes without the arms, ending in a pillar or pedestal."
terms,noun,A piece of carved work placed under each end of the taffrail.
terms,verb,To phrase a certain way; to name or call.
terms,noun,A computer program that emulates a physical terminal.
terms,noun,One whose employment has been terminated
terms,verb,To terminate one's employment
terrain,noun,"A single, distinctive rock formation; an area having a preponderance of a particular rock or group of rocks."
terrain,noun,An area of land or the particular features of it.
terribly,adverb,So as to cause terror or awe.
terribly,adverb,Very; extremely.
terribly,adverb,Very badly.
textbook,noun,"A coursebook, a formal manual of instruction in a specific subject, especially one for use in schools or colleges."
textbook,adjective,"Of or pertaining to textbooks or their style, especially in being dry and pedagogical; textbooky, textbooklike."
textbook,adjective,"Having the typical characteristics of some class of phenomenon, so that it might be included as an example in a textbook."
thankfully,adverb,In a thankful manner; giving thanks.
thankfully,adverb,"(sometimes proscribed) fortunately, gratefully."
theirs,pronoun,"That which belongs to them; the possessive case of they, used without a following noun."
therapist,noun,"Someone who provides therapy, usually professionally."
today,noun,A current day or date.
today,noun,From 6am to 6pm on the current day.
today,adverb,On the current day or date.
today,adverb,In the current era; nowadays.
tourism,noun,"The act of travelling or sightseeing, particularly away from one's home."
tourism,noun,The industry in which such travels and sightseeing are organized.
tourism,noun,"Collectively, the tourists visiting a place or landmark."
tourism,noun,The act of visiting another region or jurisdiction for a particular purpose.
trademark,noun,"A word, symbol, or phrase used to identify a particular company's product and differentiate it from other companies' products."
trademark,noun,"Any proprietary business, product or service name."
trademark,noun,The aspect for which someone or something is best known; a hallmark or typical characteristic.
trademark,verb,To register something as a trademark.
trademark,verb,To so label a product.
trademark,adjective,"Distinctive, characteristic, signature"
trauma,noun,"Any serious injury to the body, often resulting from violence or an accident."
trauma,noun,An emotional wound leading to psychological injury.
trauma,noun,An event that causes great distress.
traveller,noun,"A member of a particular nomadic ethnic minority in Ireland, the Pavee."
traveller,noun,"One who travels, especially to distant lands."
traveller,noun,A salesman who travels from place to place on behalf of a company.
traveller,noun,"Someone who lives (particularly in the UK) in a caravan, bus or other vehicle rather than a fixed abode."
traveller,noun,A list and record of instructions that follows a part in a manufacturing process.
traveller,noun,A metal ring that moves freely on part of a ship’s rigging.
traveller,noun,A rail or track for a sliding curtain.
traveller,noun,"A sheet of paper that is circulated with the board of cards, on which players record their scores."
traveller,noun,"(Mississippi Delta) A styrofoam cup filled with liquor and usually ice, to be taken away from a place."
tsunami,noun,"A very large and destructive wave, generally caused by a tremendous disturbance in the ocean, such as an undersea earthquake or volcanic eruption. Tsunami are usually a series of waves, or wave train."
tsunami,noun,A large and generally unstoppable surge.
turnout,noun,The act of coming forth.
turnout,noun,The number of people who attend or participate in an event (especially an election) or are present at a venue.
turnout,noun,A place to pull off a road.
turnout,noun,A place where moveable rails allow a train to switch tracks; a set of points.
turnout,noun,A quitting of employment for the purpose of forcing increase of wages; a strike.
turnout,noun,A striker.
turnout,noun,"That which is prominently brought forward or exhibited; hence, an equipage."
turnout,noun,Net quantity of produce yielded.
tv,noun,The assessed value of an asset from which the tax owing is computed.
tv,noun,"An electronic communication medium that allows the transmission of real-time visual images, and often sound."
tv,noun,A device for receiving television signals and displaying them in visual form.
tv,noun,"Collectively, the programs broadcast via the medium of television."
tv,noun,Vision at a distance.
tv,noun,The amount of air breathed in or out during normal respiration.
tv,noun,A person who sometimes wears clothes traditionally worn by and associated with the opposite sex; typically a male who cross-dresses occasionally by habit or personal choice.
tv,noun,"A person, typically a heterosexual male, who compulsively seeks and derives paraphilic sexual arousal from cross-dressing, especially if the urges and behavior cause the patient distress or social impairment."
typically,adverb,In a typical or common manner.
typically,adverb,In an expected or customary manner.
unbelievable,adjective,Not to be believed.
unbelievable,adjective,Incredible; so surprising it is almost unable to believe.
unbelievable,adjective,Implausible or improbable.
undoubtedly,adverb,Without doubt; definitely.
unemployment,noun,The state of having no job; joblessness.
unemployment,noun,The phenomenon of joblessness in an economy.
unemployment,noun,"The level of joblessness in an economy, often measured as a percentage of the workforce."
unemployment,noun,A type of joblessness due to a particular economic mechanism.
unemployment,noun,An instance or period of joblessness.
unfortunately,adverb,"Happening through bad luck, or because of some unfortunate event."
unfortunately,adverb,"Used (as a parenthetical word) to express disappointment, compassion, sorrow, regret or grief."
unnecessary,adjective,Not needed or necessary.
unnecessary,adjective,Done in addition to requirements; unrequired.
upcoming,noun,The act of coming up.
upcoming,noun,Comeuppance; deserts
upcoming,adjective,Happening or appearing in the relatively near future.
update,noun,An advisement providing more up-to-date information than currently known.
update,noun,"A change in information, a modification of existing or known data."
update,noun,An additional piece of information. An addition to existing information.
update,noun,"A modification of something to a more recent, up-to-date version; (in software) a minor upgrade."
update,noun,A version of something which is newer than other versions.
update,verb,To bring (a thing) up to date.
update,verb,To bring (a person) up to date: to inform (a person) about recent developments.
upgrade,noun,An upward grade or slope.
upgrade,noun,"An improved component or replacement item, usually applied to technology"
upgrade,noun,An improvement
upgrade,verb,"To improve, usually applied to technology, generally by complete replacement of one or more components"
upgrade,verb,To replace with something better.
upgrade,verb,To improve the equipment or furnishings of or services rendered to
upgrade,verb,To improve in condition or status.
upgrade,verb,"To replace a program with a later version of itself, a version having a higher version number or marketed under a more recent product name."
upgrade,adverb,Up a slope or grade.
usually,adverb,"Most of the time; less than always, but more than occasionally."
usually,adverb,Under normal conditions.
vet,noun,A veterinarian or veterinary surgeon.
vet,noun,A veteran (a former soldier or other member of an armed forces).
vet,verb,To thoroughly check or investigate particularly with regard to providing formal approval.
video,noun,"Television, television show, movie."
video,noun,"A short film clip, with or without audio (as in a music video, or one of the plethora of user-generated short movies on sites such as YouTube)."
video,noun,Motion picture stored on VHS or some other format.
video,noun,VHS.
video,verb,"To record using a video camera, to videotape"
video,verb,To record a television program
viewpoint,noun,"The position from which something is observed or considered; an angle, outlook or point of view."
vitamin,noun,"Any of a specific group of organic compounds essential in small quantities for healthy human growth, metabolism, development, and body function; found in minute amounts in plant and animal foods or sometimes produced synthetically; deficiencies of specific vitamins produce specific disorders."
website,noun,A collection of interlinked web pages on the World Wide Web that are typically accessible from the same base URL and reside on the same server.
weekend,noun,"The break in the working week, usually two days including the traditional holy or sabbath day. Thus in western countries, Saturday and Sunday."
weekend,verb,To spend the weekend.
weekend,adjective,"Of, relating to or for the weekend."
weekend,adjective,Occurring at the weekend.
wildlife,noun,"Animals, plants, and fungi, not normally domesticated, often to the exclusion of plants, fungi, fish, insects and other invertebrates, and microscopic plants and animals; hence:"
wildlife,noun,Members of a college fraternity
workforce,noun,"All the workers employed by a specific organization or state, or on a specific project"
workforce,noun,The total population of a country or region that is employed or employable.
workout,noun,An exercise session; a period of physical exercise.
workout,noun,"A schedule or program of specific exercises, especially one intended to achieve a particular goal."
workout,noun,"(by extension) Any activity that requires much physical or mental effort, or produces strain."
workplace,noun,The place where someone works.
worldwide,adjective,Spanning the world; global.
worldwide,adverb,Throughout the world.
wow,noun,"Anything exceptionally surprising, unbelievable, outstanding, etc."
wow,verb,To amaze or awe.
wow,interjection,"An indication of excitement, surprise, astonishment, or pleasure."
wow,interjection,"An expression of amazement, awe, or admiration."
wow,interjection,Used sarcastically to express disapproval of something.
wow,noun,(audio) A relatively slow form of flutter (pitch variation) which can affect both gramophone records and tape recorders.
yeah,interjection,"Expressing joy, celebration, glee, etc."
yeah,noun,"A solar year, the time it takes the Earth to complete one revolution of the Sun (between 365.24 and 365.26 days depending on the point of reference)."
yeah,noun,"(by extension) The time it takes for any astronomical object (such as a planet, dwarf planet, small Solar System body, or comet) in direct orbit around a star (such as the Sun) to make one revolution around the star."
yeah,noun,"A period between set dates that mark a year, from January 1 to December 31 by the Gregorian calendar, from Tishiri 1 to Elul 29 by the Jewish calendar, and from Muharram 1 to Dhu al-Hijjah 29 or 30 by the Islamic calendar."
yeah,noun,A scheduled part of a calendar year spent in a specific activity.
yeah,noun,"A Julian year, exactly 365.25 days, represented by ""a""."
yeah,noun,A level or grade in school or college.
yeah,noun,The proportion of a creature's lifespan equivalent to one year of an average human lifespan (see also dog year).
yep,noun,Yes.
yep,adverb,Yes.
